last_name,phone1,email
Didio,03-8174-9123,rebbecca.didio@didio.com.au
Hallo,07-9997-3366,stevie.hallo@hotmail.com
Stayer,08-5558-9019,mariko_stayer@hotmail.com
Woodka,02-6044-4682,gerardo_woodka@hotmail.com
Bena,02-1455-6085,mayra.bena@gmail.com
Scotland,08-7868-1355,idella@hotmail.com
Klar,08-6522-8931,sklar@hotmail.com
Desjardiws,02-5226-9402,ena_desjardiws@desjardiws.com.au
Siena,07-3184-9989,vince_siena@yahoo.com
Jarding,08-6890-4661,tjarding@hotmail.com
Chudej,07-8135-3271,amira.chudej@chudej.net.au
Tarbor,03-1174-6817,marica.tarbor@hotmail.com
Albrough,07-7977-6039,shawna.albrough@albrough.com.au
Maker,08-8344-8929,paulina_maker@maker.net.au
Jebb,07-4941-9471,rose@jebb.net.au
Tabar,02-3518-7078,rtabar@hotmail.com
Bewley,07-9387-7293,mbewley@yahoo.com
Pylant,02-5171-4345,camellia_pylant@gmail.com
Nybo,02-5311-7778,rnybo@nybo.net.au
Sonier,07-9354-2612,albert.sonier@gmail.com
Taghon,02-1638-4380,htaghon@taghon.net.au
Daleo,02-5322-6127,ndaleo@daleo.net.au
Sidhu,07-6460-4488,rosina_sidhu@gmail.com
Costeira,07-5338-6357,royal_costeira@costeira.com.au
Nicley,03-6443-2786,bnicley@nicley.com.au
Gedman,07-4785-3781,lgedman@gedman.net.au
Bourbonnais,03-6543-6688,laura.bourbonnais@yahoo.com
Stoneking,07-3721-9123,fstoneking@hotmail.com
Ellerbusch,08-2748-1250,kristian@yahoo.com
Julye,03-7063-6734,gjulye@hotmail.com
Majorga,02-8171-9051,ben.majorga@hotmail.com
Oto,07-1153-8567,trina@oto.com.au
Geffers,08-7097-3947,emelda.geffers@gmail.com
Ploszaj,07-7991-8880,zana_ploszaj@ploszaj.net.au
Rael,03-8998-5485,shaun.rael@rael.com.au
Lobosco,02-5046-1307,olobosco@hotmail.com
Aguele,07-6476-1399,caguele@gmail.com
Boudrie,07-4463-7223,pboudrie@boudrie.net.au
Bonalumi,08-3071-2258,kathryn.bonalumi@yahoo.com
Landa,07-1576-1412,suzan.landa@gmail.com
Agar,08-9130-3372,sagar@agar.net.au
Rebich,02-4972-3570,krebich@rebich.net.au
Hinkson,02-7160-2066,rupert_hinkson@hinkson.net.au
Poarch,03-2691-1298,apoarch@gmail.com
Korczynski,02-3877-9654,jamal_korczynski@gmail.com
Broccoli,07-2679-1774,luz_broccoli@hotmail.com
Ruthers,02-2367-6845,janessa@yahoo.com
Esco,03-3474-2120,lavonne.esco@yahoo.com
Lymaster,07-8087-2603,honey_lymaster@lymaster.net.au
Cecchinato,08-5263-2786,jean.cecchinato@gmail.com
Flitcroft,07-1778-9968,kflitcroft@hotmail.com
Soros,08-2666-6390,csoros@gmail.com
Gene,02-4458-2810,rolf_gene@gene.com.au
Moothart,02-3996-9188,darnell_moothart@yahoo.com
Fraize,02-4873-1914,cherilyn_fraize@fraize.net.au
Lazzaro,03-4933-4205,lynda.lazzaro@gmail.com
Capelli,07-4823-9785,leigha.capelli@capelli.com.au
Binnie,08-3692-5784,delfina_binnie@binnie.net.au
Gephardt,02-5078-4389,carlota.gephardt@gephardt.com.au
Helger,07-1642-3251,alida@helger.com.au
Resureccion,07-2373-6048,donte.resureccion@yahoo.com
Kriner,02-7328-3350,lou.kriner@hotmail.com
Vrieze,03-1981-6209,dortha@vrieze.net.au
Sanborn,02-6246-5711,genevive@hotmail.com
Strawbridge,07-3760-1546,alease_strawbridge@strawbridge.com.au
Mishkin,07-6034-2422,veda.mishkin@mishkin.com.au
Vandersloot,02-5487-7528,craig_vandersloot@yahoo.com
Tovmasyan,02-2546-5344,ltovmasyan@tovmasyan.net.au
Kloska,07-9896-4827,aaron_kloska@kloska.net.au
Skursky,02-5941-3178,francene.skursky@skursky.net.au
Daria,03-2822-8156,zdaria@gmail.com
Breckenstein,03-5722-3451,brigette@breckenstein.com.au
Jezek,03-3268-5102,jeniffer@gmail.com
Elm,03-9183-9493,selm@elm.net.au
Handler,08-5671-3318,ehandler@yahoo.com
Okojie,08-9746-2341,nadine.okojie@okojie.com.au
Shiflet,03-4529-7210,kristin@hotmail.com
Fellhauer,03-4387-3800,melinda_fellhauer@fellhauer.com.au
Litherland,07-5284-3845,kirby.litherland@hotmail.com
Ivans,07-8661-4016,kent_ivans@yahoo.com
Platz,07-4306-1623,dan_platz@hotmail.com
Pirkl,03-6023-2680,millie_pirkl@gmail.com
Qadir,08-7687-4883,moira.qadir@gmail.com
Qazi,03-1974-9948,reta.qazi@yahoo.com
Lolley,03-4072-7094,brittney@lolley.net.au
Bolka,03-8157-4609,leandro_bolka@hotmail.com
Sumera,08-9114-1763,edison.sumera@sumera.net.au
Cassi,03-2305-8627,breana@yahoo.com
Nicols,08-2117-5217,jarvis@gmail.com
Orlinski,03-2451-1896,felicitas_orlinski@orlinski.com.au
Neisius,03-8243-2999,geraldine@gmail.com
Pacleb,08-9450-7978,alfred@pacleb.net.au
Block,08-7635-8350,leatha_block@gmail.com
Rosso,02-4565-6425,jacquelyne.rosso@yahoo.com
Epps,07-8085-8351,jepps@hotmail.com
Amlin,02-8007-5034,rosamond.amlin@gmail.com
Mcenery,02-1718-4983,johnson@gmail.com
Scatton,02-3647-9507,elliot.scatton@hotmail.com
Perra,07-6019-7861,gerri@yahoo.com
Jelsma,08-7712-4785,rosendo_jelsma@hotmail.com
Brickhouse,03-9517-9800,eveline@yahoo.com
Bennett,08-2969-2908,laurene_bennett@gmail.com
Ebershoff,02-6604-9720,tegan_ebershoff@hotmail.com
Huro,07-1951-6787,thuro@gmail.com
Kazeck,08-5475-6162,mertie.kazeck@kazeck.com.au
Bortignon,08-9256-6135,clare_bortignon@hotmail.com
Baley,02-7049-7728,rebeca_baley@hotmail.com
Pawell,07-8997-8513,npawell@pawell.net.au
Arellanes,02-7995-6787,samuel.arellanes@arellanes.net.au
Servantes,03-9801-9429,ivette_servantes@servantes.com.au
Fajen,07-9104-1459,merrilee@fajen.net.au
Eilers,03-4328-5253,gianna@yahoo.com
Phinazee,08-5756-9456,hphinazee@yahoo.com
Pascucci,08-9279-1731,buck@yahoo.com
Leicht,03-6240-8274,kenny@leicht.com.au
Bai,07-6813-6477,tabetha.bai@gmail.com
Popper,03-7036-7071,alonso_popper@hotmail.com
Polek,03-2403-7167,alonzo_polek@polek.net.au
Magnotta,02-2376-7653,son.magnotta@magnotta.net.au
Druck,08-3605-3943,jesusita@druck.net.au
Kunich,02-6769-6153,annice_kunich@kunich.net.au
Buchman,08-1791-7668,delila.buchman@hotmail.com
Sionesini,03-4812-5654,iraida.sionesini@yahoo.com
Driesenga,08-6777-4159,alona_driesenga@hotmail.com
Vonderahe,03-5661-2424,lajuana.vonderahe@yahoo.com
Maestri,02-2129-8131,madelyn.maestri@yahoo.com
Susmilch,07-5035-4889,louann_susmilch@yahoo.com
Devol,07-4963-5297,wdevol@devol.net.au
Grafenstein,08-1624-7236,cgrafenstein@gmail.com
Burket,08-9159-7562,fairy_burket@burket.com.au
Urion,02-4794-6673,lurion@yahoo.com
Gayner,03-7734-9557,rgayner@hotmail.com
Hayduk,03-2297-9891,shayduk@gmail.com
Fitz,07-7445-2572,nfitz@hotmail.com
Limberg,03-4539-9131,alimberg@limberg.com.au
Prosienski,03-2454-6523,dexter@prosienski.net.au
Calamarino,07-5378-4498,lcalamarino@yahoo.com
Stavely,03-6510-4788,ariel_stavely@stavely.com.au
Vaughn,03-7035-6484,haley_vaughn@vaughn.net.au
Legeyt,03-4878-1766,raelene@gmail.com
Shiflett,08-8856-8589,micaela_shiflett@shiflett.com.au
Prudhomme,07-9053-8045,aprudhomme@hotmail.com
Warman,08-9948-2940,zwarman@gmail.com
Pata,07-7445-2538,wilford_pata@pata.net.au
Robasciotti,03-1570-9956,carman_robasciotti@hotmail.com
Bayot,03-8858-7088,carylon@gmail.com
Schmale,08-4564-2338,gschmale@schmale.net.au
Peleg,03-1130-5685,matilda.peleg@hotmail.com
Wojnar,02-6287-8787,jacklyn@hotmail.com
Charney,07-7659-5711,tashia.charney@charney.net.au
Eischens,02-7739-6600,deischens@gmail.com
Merkt,03-9341-9757,jesus_merkt@merkt.net.au
Svoboda,08-3614-5966,brandee_svoboda@svoboda.net.au
Mcquaide,03-1465-8645,emcquaide@yahoo.com
Bumby,03-1431-3996,felix.bumby@bumby.com.au
Kellman,02-7968-9243,ben_kellman@kellman.net.au
Upton,07-7647-5420,mickie.upton@yahoo.com
Krome,03-9617-5392,pkrome@yahoo.com
Langanke,03-9838-7533,lashonda@langanke.net.au
Popa,02-6522-3993,patria.popa@gmail.com
Horr,07-8441-8214,nidia@gmail.com
Culcasi,03-9075-3104,skye_culcasi@hotmail.com
Reyelts,03-2921-8418,kreyelts@yahoo.com
Barras,03-3017-8394,hector.barras@barras.com.au
Mongolo,08-4563-6214,stefan_mongolo@mongolo.net.au
Byon,08-3914-9404,francoise@hotmail.com
Vandermeer,07-9407-9202,lindy@vandermeer.com.au
Diniz,03-2517-3453,arthur@gmail.com
Hulme,07-7144-4719,nicholle_hulme@hulme.com.au
Mesch,07-1415-9307,tijuana_mesch@gmail.com
Schoenleber,08-8081-7779,lorenza.schoenleber@schoenleber.com.au
Baird,08-2325-5905,ibaird@baird.net.au
Weigner,03-8912-5755,sweigner@gmail.com
Prez,02-7463-8776,lprez@prez.com.au
Whelpley,03-5175-6193,swhelpley@yahoo.com
Stever,07-7092-8542,anthony.stever@hotmail.com
Carmel,02-2832-1545,wenona@gmail.com
Yurick,07-9595-6042,iyurick@hotmail.com
Vonseggern,07-5769-8004,mose_vonseggern@hotmail.com
Aveline,08-3342-3889,marci.aveline@hotmail.com
Hoyne,08-6183-9260,michel@hoyne.com.au
Connon,02-5725-5992,stephania.connon@connon.com.au
Turk,08-4735-5054,cturk@yahoo.com
Magro,02-7265-9702,katie_magro@gmail.com
Angeron,03-6268-2647,inocencia.angeron@angeron.net.au
Novosel,03-5716-1053,nikita_novosel@novosel.net.au
Gohlke,07-9826-3950,malcolm@yahoo.com
Englund,08-5289-4594,denglund@gmail.com
Worland,02-9885-9593,holley.worland@hotmail.com
Tates,08-1520-4093,mtates@yahoo.com
Dibello,07-1330-6750,ling_dibello@yahoo.com
Kopet,07-3799-1667,hailey_kopet@kopet.com.au
Malboeuf,03-7139-6376,farrah@malboeuf.com.au
Deritis,03-4231-3633,candra@deritis.net.au
Hegland,02-1402-5215,reuben@yahoo.com
Andrion,07-3239-2830,anglea.andrion@andrion.com.au
Tuccio,08-8868-2010,paris.tuccio@hotmail.com
Schmoyer,08-5444-3296,latricia_schmoyer@hotmail.com
Leuenberger,08-1267-4421,jleuenberger@yahoo.com
Vollstedt,03-6776-1146,dvollstedt@vollstedt.com.au
Haag,02-9718-2944,dhaag@hotmail.com
Pedregon,08-8484-3223,edelmira_pedregon@hotmail.com
Keks,03-5251-3153,andrew@gmail.com
Decelles,03-5185-6258,mdecelles@decelles.net.au
Osmer,03-8369-6924,javier@osmer.com.au
Stangle,08-1937-3980,kizzy.stangle@yahoo.com
Wodicka,08-4712-2157,sharan@wodicka.net.au
Fritch,02-2612-1455,nfritch@fritch.com.au
Dones,02-2393-3289,german@gmail.com
Blanck,03-6517-9318,robt.blanck@yahoo.com
Biler,08-9855-2125,rossana.biler@biler.net.au
Gish,03-9935-5135,henriette.gish@gish.net.au
Stitely,03-1600-5230,buffy_stitely@stitely.com.au
Osmanski,08-9693-9052,christiane@gmail.com
Lothridge,02-1919-3941,alothridge@hotmail.com
Glockner,07-7052-4547,vanesa@glockner.com.au
Pastorino,08-4753-2870,gennie.pastorino@gmail.com
Kenfield,08-5614-9153,tkenfield@kenfield.com.au
Kinney,03-7767-6169,tien_kinney@kinney.com.au
Leja,03-2477-9133,malcom@leja.com.au
Gawrych,02-4246-3092,claudia@gmail.com
Entzi,03-2484-5500,page@entzi.net.au
Roches,08-2358-3115,lorita_roches@roches.net.au
Lek,08-3384-3181,annita.lek@lek.net.au
Mikovec,02-9829-2371,emikovec@mikovec.com.au
Layland,08-2158-6758,tyisha@yahoo.com
Tolbent,02-4376-1104,colene.tolbent@tolbent.net.au
Senters,03-5933-7288,fsenters@gmail.com
Dollins,02-1622-6412,hester_dollins@gmail.com
Baumgarter,02-5410-5137,susana.baumgarter@yahoo.com
Tummons,03-8216-8640,dahlia.tummons@gmail.com
Falvey,07-4854-5045,osvaldo.falvey@yahoo.com
Barkley,08-8161-8201,armando.barkley@yahoo.com
Deras,07-8371-4719,torie_deras@yahoo.com
Hollimon,08-7046-5484,tamie@hollimon.com.au
Hessenthaler,03-5855-5156,lettie_hessenthaler@hessenthaler.net.au
Muhlbauer,08-5943-4352,chaya_muhlbauer@muhlbauer.net.au
Wildeboer,03-9107-7349,terina_wildeboer@wildeboer.com.au
Agney,08-1184-4145,lisbeth.agney@agney.net.au
Dominique,07-3594-6592,lillian@hotmail.com
Lindblom,08-7915-5110,clindblom@gmail.com
Chaleun,07-2319-2889,dylan_chaleun@hotmail.com
Luening,02-9554-9632,jerrod_luening@luening.com.au
Vicente,03-2444-8291,gracie.vicente@hotmail.com
Amedro,02-3449-6894,barabara@amedro.net.au
Ducos,03-1361-8465,dducos@hotmail.com
Digregorio,02-7922-5417,cdigregorio@digregorio.net.au
Kajder,02-7498-8576,tamekia_kajder@yahoo.com
Saffer,02-5970-1748,johanna@yahoo.com
Kruk,02-7386-4544,sharita_kruk@gmail.com
Chrusciel,07-7446-6315,gerald@chrusciel.net.au
Dieterich,07-3581-9462,ardella.dieterich@yahoo.com
Kellebrew,07-9840-6419,jackie.kellebrew@kellebrew.com.au
Ramero,07-8857-6463,mabelle.ramero@ramero.net.au
Biasi,02-5095-2983,jbiasi@biasi.net.au
Wessner,03-6053-2447,linwood.wessner@hotmail.com
Heninger,07-9512-2457,sheninger@yahoo.com
Cropsey,07-4217-6258,julieta@yahoo.com
Barthlow,08-2941-7378,serita_barthlow@gmail.com
Tepley,02-2493-1870,tori@tepley.net.au
Whal,02-3248-3283,nancey@whal.net.au
Beckes,07-9178-6430,wilbert@hotmail.com
Hermens,03-9085-5714,whermens@hermens.net.au
Catton,07-1217-9907,scatton@catton.com.au
Moehring,02-9187-4769,keva.moehring@moehring.net.au
Dingler,07-3963-4469,mary.dingler@gmail.com
Bukovac,08-5236-2143,huey.bukovac@hotmail.com
Eighmy,03-6144-7318,antonio.eighmy@yahoo.com
Weissbrodt,02-7239-9923,qweissbrodt@weissbrodt.com.au
Georgiades,08-8343-3550,cgeorgiades@gmail.com
Davoren,07-1698-9047,jill_davoren@davoren.net.au
Goodness,02-2208-2711,sgoodness@goodness.net.au
Koerner,08-5221-9700,elin_koerner@koerner.com.au
Decamp,08-7615-2416,charlena@gmail.com
Breyer,07-5417-9612,abreyer@hotmail.com
Morguson,08-1895-1457,amorguson@morguson.com.au
Saffo,02-2656-6234,princess_saffo@hotmail.com
Sutherburg,03-9215-3224,asutherburg@gmail.com
Redlon,02-1075-4690,elmer@hotmail.com
Akiyama,02-9324-7803,aliza@yahoo.com
Handrick,03-8357-4617,ora.handrick@gmail.com
Ahlborn,08-4563-9520,bahlborn@ahlborn.com.au
Telch,08-8808-8104,tora@telch.net.au
Eilbeck,08-2922-4115,hildred_eilbeck@eilbeck.net.au
Freiman,07-1964-4238,dante_freiman@freiman.net.au
Avera,02-1987-8525,emmanuel@yahoo.com
Wasp,08-1683-9243,kwasp@wasp.net.au
Mahmud,02-2621-3361,sherman@mahmud.com.au
Brothers,03-8780-3473,lore@hotmail.com
Weibe,03-9480-9611,shawn@hotmail.com
Cheever,02-5977-8561,karima_cheever@hotmail.com
Kloos,08-1687-4873,fkloos@kloos.com.au
Picton,08-7605-2080,king@hotmail.com
Simco,07-1037-3391,msimco@gmail.com
Princiotta,08-5227-2620,lamonica@hotmail.com
Ware,08-6278-9532,curtis@ware.net.au
Rabena,03-5662-3542,sabrina_rabena@hotmail.com
Saeteun,03-2802-7434,denae_saeteun@hotmail.com
Carranzo,02-6078-3417,anastacia@yahoo.com
Plocica,03-9050-2741,irving@hotmail.com
Siefken,07-5085-8138,elenor.siefken@yahoo.com
Irene,08-8012-6469,mirene@gmail.com
Padua,02-9472-5814,crista_padua@gmail.com
Yuasa,03-2324-3472,lawana_yuasa@yuasa.net.au
Cove,02-8010-8344,mcove@hotmail.com
Rathmann,08-1269-1489,lindsey_rathmann@rathmann.com.au
Koury,03-5213-8219,lynelle.koury@koury.net.au
Bogacz,08-5203-2193,bbogacz@hotmail.com
Killean,03-2813-6426,laine@gmail.com
Crawley,08-2089-8553,rachael@gmail.com
Selestewa,02-4885-8382,della.selestewa@gmail.com
Graziosi,08-4849-4417,thomasena@gmail.com
Schimke,03-4829-5695,fschimke@schimke.com.au
Dellen,08-6742-2308,halina.dellen@dellen.com.au
Riston,07-9920-3550,ryann@hotmail.com
Vugteveen,07-3103-8372,svugteveen@vugteveen.net.au
Milsap,08-4040-9192,leah@milsap.com.au
Zihal,07-4724-9987,ira.zihal@yahoo.com
Kinnison,07-4518-4450,paris.kinnison@gmail.com
Sundahl,08-8587-1196,shayne.sundahl@gmail.com
Paavola,08-1140-6357,ernestine.paavola@paavola.com.au
Everline,03-5355-5505,eeverline@hotmail.com
Leriche,07-5486-1002,mleriche@yahoo.com
Hodges,08-8215-1588,na_hodges@hotmail.com
Knudtson,03-9173-6140,juan@gmail.com
Kloepper,07-4297-4607,gerald@yahoo.com
Tarkowski,07-6793-5954,desmond_tarkowski@hotmail.com
Gennusa,02-5444-1961,tommy@hotmail.com
Poncio,07-6113-9653,adrianna@poncio.com.au
Galagher,02-3225-1954,adaline.galagher@galagher.com.au
Schiavi,08-9707-2679,tammi.schiavi@hotmail.com
Phay,08-8147-9584,vphay@phay.com.au
Sotelo,07-7240-6480,emeline@gmail.com
Seniff,03-6340-5010,marcos_seniff@gmail.com
Carabajal,08-7432-4632,ycarabajal@carabajal.com.au
Kazemi,07-6444-3666,gkazemi@kazemi.net.au
Drozdowski,07-5686-8088,muriel_drozdowski@hotmail.com
Dammeyer,08-3562-8644,juliann@gmail.com
Dejarme,08-3733-5261,rdejarme@dejarme.net.au
Garness,02-6291-7620,verdell.garness@yahoo.com
Kane,07-3476-2066,arleen.kane@hotmail.com
Vanauken,08-9808-2647,launa@gmail.com
Gordis,02-5808-6388,casandra_gordis@gordis.com.au
Puccini,02-5632-9914,julio@gmail.com
Alerte,02-6974-7785,aalerte@alerte.com.au
Sarkissian,02-3490-2407,ksarkissian@yahoo.com
Ochs,02-1222-7812,wava.ochs@gmail.com
Gong,07-8516-6453,fgong@gong.com.au
Kushnir,02-4623-8120,jamie@kushnir.net.au
Dampier,02-8035-9997,fidelia_dampier@gmail.com
Medich,03-6589-2556,kris.medich@hotmail.com
Filan,08-6937-4366,lashawna.filan@filan.net.au
Andrzejewski,02-3416-9617,lachelle.andrzejewski@andrzejewski.com.au
Saltourides,02-3003-1369,katy_saltourides@yahoo.com
Fernades,08-2901-3421,bettyann@fernades.com.au
Levay,08-2401-5672,vlevay@levay.net.au
Beaureguard,07-6679-3722,lynette.beaureguard@hotmail.com
Laroia,02-8156-6969,victor@laroia.net.au
Badgero,03-1861-5074,pa_badgero@badgero.com.au
Miskelly,03-6340-9772,dorathy.miskelly@gmail.com
Schuh,02-3869-4096,rodrigo_schuh@gmail.com
Waganer,08-3200-1670,stanford_waganer@waganer.net.au
Orehek,02-1919-1709,michael_orehek@gmail.com
Tokich,07-5017-7337,ines_tokich@tokich.net.au
Markoff,02-6529-9317,dorinda_markoff@hotmail.com
Gabbert,02-4776-1384,clarence.gabbert@gmail.com
Radel,08-9919-9540,omer_radel@radel.net.au
Kingshott,02-5318-1342,winifred.kingshott@yahoo.com
Salomone,07-8250-2277,theresia_salomone@gmail.com
Kearsey,08-2127-5977,dkearsey@yahoo.com
Bodle,08-7385-2716,aretha_bodle@hotmail.com
Diciano,02-3566-7608,bdiciano@diciano.com.au
Mangino,03-6623-5501,omega.mangino@hotmail.com
Vock,02-6689-1150,dana_vock@yahoo.com
Tuamoheloa,08-6137-1726,naomi@yahoo.com
Yerry,03-4492-4927,luis@hotmail.com
Barchacky,08-3087-9658,dominga.barchacky@hotmail.com
Calizo,02-3494-3282,isreal_calizo@gmail.com
Korba,08-3174-2706,mkorba@hotmail.com
Naifeh,02-6193-5184,jodi@hotmail.com
Hedstrom,08-3412-6699,pearly@gmail.com
Menez,08-1196-2822,aileen_menez@menez.net.au
Carlo,07-9265-7183,glory_carlo@gmail.com
Francoise,03-8791-9436,kathrine@yahoo.com
Mckale,08-9919-7850,domingo_mckale@mckale.net.au
Laprade,07-2627-9976,jlaprade@laprade.net.au
Lofts,03-1765-4584,marylou_lofts@lofts.com.au
Brueck,08-5228-3628,louis.brueck@brueck.net.au
Guenther,03-2749-1381,eguenther@hotmail.com
Lary,08-1042-4275,wlary@lary.net.au
Borra,02-1211-3823,arlie.borra@gmail.com
Lehoux,02-1385-3480,alysa@hotmail.com
Herrera,03-1447-7041,marilynn.herrera@herrera.net.au
Jarva,02-9676-4462,scot.jarva@jarva.com.au
Ender,07-7538-5504,aender@gmail.com
Borchelt,03-8055-8668,jackie_borchelt@hotmail.com
Bame,07-5354-7251,carli@yahoo.com
Thro,08-1991-6947,coletta.thro@thro.net.au
Lamers,02-4885-1611,katheryn_lamers@gmail.com
Wisenbaker,02-2957-4812,swisenbaker@wisenbaker.net.au
Weyman,02-7091-8948,kweyman@weyman.com.au
Suffern,02-9653-2199,earlean.suffern@suffern.net.au
Heimbaugh,07-8738-4205,dannette@gmail.com
Hutchin,08-9895-1954,odelia.hutchin@hutchin.com.au
Schwiebert,03-3608-5660,lina@yahoo.com
Johanningmeie,02-1827-1736,fredric@hotmail.com
Delsoin,07-7369-8849,adelsoin@yahoo.com
Elamin,02-1815-8700,bernadine_elamin@yahoo.com
Thaxton,03-4010-1900,mthaxton@gmail.com
Pecot,02-8081-3883,gpecot@hotmail.com
Metevelis,08-4700-8894,yuette.metevelis@metevelis.net.au
Kazarian,08-1109-5346,yuriko_kazarian@gmail.com
Hegeman,08-9280-9177,hyman@hotmail.com
Summerfield,07-7489-7577,linette.summerfield@hotmail.com
Couzens,03-8451-7537,jospeh.couzens@couzens.com.au
Ovit,02-4649-5341,anna.ovit@hotmail.com
Woodhams,02-5770-8546,shawnta@woodhams.com.au
Luckenbach,08-9378-7021,ettie@yahoo.com
Leveston,03-2574-8915,cleveston@gmail.com
Huntsberger,08-2704-3706,lhuntsberger@huntsberger.net.au
Todesco,03-3233-4255,pansy_todesco@gmail.com
Silverstone,03-7416-6750,georgeanna@silverstone.net.au
Liversedge,02-4418-5927,jesus.liversedge@hotmail.com
Tetter,07-6073-5039,jamey.tetter@gmail.com
Motter,03-1248-8221,alberta_motter@hotmail.com
Grube,08-3305-5436,ronald.grube@yahoo.com
Hickie,03-3695-2399,tamala_hickie@yahoo.com
Mohrmann,08-1399-2471,gerry_mohrmann@mohrmann.net.au
Kueter,03-3725-6290,ikueter@kueter.com.au
Overbough,02-7947-2980,moverbough@overbough.com.au
Guglielmina,08-2264-5559,ngoc_guglielmina@hotmail.com
Lauretta,03-1036-9594,julene.lauretta@gmail.com
Lindbeck,02-3713-3646,magda_lindbeck@yahoo.com
Lizama,07-5346-5917,shantell.lizama@gmail.com
Piccinich,08-9757-2379,audria.piccinich@gmail.com
Derenzis,02-5573-6627,nderenzis@hotmail.com
Reynolds,08-7785-3040,grover.reynolds@gmail.com
Bergstrom,08-3987-7521,rocco@yahoo.com
Quintero,08-8280-9492,ethan_quintero@quintero.com.au
Sanzenbacher,03-1051-7865,glynda@sanzenbacher.com.au
Scrimsher,08-2136-2433,yolande@yahoo.com
Sieber,07-5235-7319,twanna@yahoo.com
Petteway,03-9599-4122,rosenda@gmail.com
Francis,07-4119-3981,lacey.francis@francis.net.au
Meikle,02-8727-4906,cordie.meikle@hotmail.com
Graleski,02-6118-8773,annalee.graleski@hotmail.com
Ladeau,07-3511-9233,dana@ladeau.net.au
Raddle,03-4811-3832,wai.raddle@raddle.com.au
Conquest,08-6579-7569,johana@conquest.net.au
Fults,07-1536-4805,tomas_fults@fults.net.au
Etzler,03-6698-8416,karon@hotmail.com
Houben,03-1560-6800,delbert.houben@hotmail.com
Rimmer,03-5354-9557,ashleigh.rimmer@hotmail.com
Mckenna,02-5059-2649,nmckenna@yahoo.com
Shear,08-6270-6829,mshear@hotmail.com
Figueras,08-2209-8647,stefany@figueras.net.au
Burnsworth,08-8222-3171,rene@burnsworth.net.au
Orazine,08-7718-8495,cary.orazine@hotmail.com
Ocken,02-9828-4921,micheal.ocken@ocken.net.au
Tamburello,03-4800-7102,frederick.tamburello@hotmail.com
Noa,03-6438-4586,burma.noa@gmail.com
Roh,08-5175-3585,cherry_roh@yahoo.com
Frabotta,03-2689-6049,gabriele_frabotta@gmail.com
Chee,03-2775-4083,clement@hotmail.com
Apodace,02-5630-3114,bapodace@gmail.com
Fowlkes,07-9032-5149,cfowlkes@hotmail.com
Remillard,08-6831-6370,richelle.remillard@remillard.net.au
Miccio,07-5626-7937,cherri_miccio@gmail.com
Taketa,07-2209-2731,dtaketa@taketa.net.au
Latina,08-8506-7259,blatina@hotmail.com
Meray,03-9424-2956,bmeray@yahoo.com
Sprowl,02-4074-4461,sherrell_sprowl@hotmail.com
Niglio,07-5128-8956,ruth.niglio@hotmail.com
Shoulders,08-8329-4211,alva@gmail.com
Palaspas,08-6069-1579,carri_palaspas@palaspas.net.au
Milbrandt,02-1157-3829,onita.milbrandt@milbrandt.com.au
Sarp,08-8878-5994,jsarp@hotmail.com
Peressini,08-4326-1560,tperessini@yahoo.com
Manin,07-2031-6566,stephaine_manin@yahoo.com
Gudgel,02-2501-8301,fgudgel@gudgel.com.au
Farnham,02-5402-8024,marsha@farnham.com.au
Oakland,07-5404-6221,josefa_oakland@oakland.com.au
Nicklous,07-6382-5073,deeann_nicklous@gmail.com
Vonstaden,02-8222-9319,jvonstaden@gmail.com
Amuso,02-1706-8506,desmond@hotmail.com
Bakey,07-5922-1983,tbakey@bakey.com.au
Picotte,02-4360-8467,ramonita_picotte@yahoo.com
Bodine,02-2581-7479,temeka.bodine@gmail.com
Iida,07-6984-9278,bea_iida@iida.net.au
Mockus,02-1291-8182,soledad_mockus@yahoo.com
Okon,03-9721-7313,margurite.okon@hotmail.com
Saine,03-3457-2524,artie_saine@yahoo.com
Studwell,07-1377-6898,major@gmail.com
Buchauer,02-4202-5191,veronika.buchauer@buchauer.net.au
Cisney,03-3630-2467,christene@hotmail.com
Feldner,07-8561-5894,miles@hotmail.com
Mikel,02-6995-9902,julio.mikel@mikel.net.au
Ghera,02-3738-7508,aide.ghera@ghera.com.au
Brackett,08-3773-3770,noelia@brackett.net.au
Delacruz,02-7862-5151,lenora@delacruz.net.au
