last_name,phone1,email
Rautenstrauch,519-569-8399,francoise.rautenstrauch@rautenstrauch.com
Loud,506-363-1526,kloud@gmail.com
Bauswell,613-903-7043,lourdes_bauswell@aol.com
Edmison,604-334-3686,hannah@yahoo.com
Loeza,514-487-6096,tom.loeza@gmail.com
Kramarczyk,306-421-5793,queenie.kramarczyk@kramarczyk.org
Portaro,506-827-7755,hui_portaro@cox.net
Opitz,519-788-7645,josefa.opitz@opitz.org
Steinhaus,905-618-8258,lsteinhaus@cox.net
Vielma,905-456-1117,paola_vielma@aol.com
Bresser,902-256-6791,hbresser@aol.com
Tijerina,416-719-2114,leanna@cox.net
Pride,403-212-4945,danilo_pride@hotmail.com
Marcille,780-639-3619,huey.marcille@gmail.com
Warne,506-978-1488,apolonia@gmail.com
Lagos,416-716-6446,chandra.lagos@lagos.org
Pacholec,705-477-2307,crissy@aol.com
Branin,403-337-7162,gianna@aol.com
Billa,306-291-5073,vbilla@yahoo.com
Dudash,819-536-7034,idudash@dudash.com
Lablanc,780-384-5410,wlablanc@yahoo.com
Randol,604-236-4625,lauryn@yahoo.com
Begin,519-790-8660,laurena.begin@begin.com
Michelle,905-652-4509,elise@gmail.com
Kardell,514-203-7817,corrie_kardell@aol.com
Rabuse,519-912-5533,kimberely.rabuse@cox.net
Violett,450-840-7605,tish.violett@violett.com
Stanfield,780-574-5620,hollis.stanfield@aol.com
Christmann,519-872-6826,andree.christmann@cox.net
Fucillo,902-844-1174,lyla_fucillo@cox.net
Yafuso,613-749-1169,felton.yafuso@gmail.com
Polino,819-255-1725,dell_polino@polino.com
Leko,705-838-9265,nohemi@aol.com
Lembke,250-353-7479,tlembke@lembke.org
Maikoksoong,604-231-6180,vicki@gmail.com
Airhart,403-444-2250,renato_airhart@hotmail.com
Darbro,250-749-4517,lenita@yahoo.com
Hagen,450-526-5424,barney@yahoo.com
Armacost,705-417-7221,matthew_armacost@gmail.com
Nelton,250-768-5812,bnelton@gmail.com
Wardle,416-989-2001,iesha@gmail.com
Sarchet,306-524-4509,francesco@hotmail.com
Rhule,418-348-2107,paulene_rhule@rhule.org
Hughlett,604-262-8556,carole_hughlett@hughlett.com
Dunning,306-508-8874,mdunning@gmail.com
Hinsch,250-454-9384,elfrieda_hinsch@hinsch.org
Calzado,306-611-7185,edelmira@hotmail.com
Wasurick,450-531-8633,jaime_wasurick@hotmail.com
Hua,506-556-4300,lhua@aol.com
Mastro,519-920-7003,jmastro@aol.com
Hailstone,905-864-2257,jhailstone@yahoo.com
Zarling,418-568-3216,louis@zarling.com
Mcshaw,705-581-1220,emmett_mcshaw@cox.net
Sams,250-226-1002,tammy_sams@sams.com
Wylie,418-833-1949,willis@yahoo.com
Brzozowski,905-569-6732,mbrzozowski@aol.com
Latif,418-459-4884,boris.latif@latif.com
Knavel,613-280-7170,salina.knavel@gmail.com
Dini,250-982-9377,justa.dini@hotmail.com
Wolfgang,519-219-3608,amalia_wolfgang@wolfgang.org
Tutterrow,519-426-7161,ftutterrow@tutterrow.org
Mcglocklin,306-979-2571,eura@mcglocklin.org
Heuring,519-985-7311,lang@cox.net
Lakatos,819-365-5394,agustin.lakatos@hotmail.com
Lowrance,204-438-6204,jaime.lowrance@lowrance.org
Gudiel,709-366-8943,carman@gmail.com
Hofbauer,604-823-2881,argelia.hofbauer@cox.net
Cisney,514-205-4258,mammie@cox.net
Menino,613-697-2555,rashad.menino@menino.com
Bastain,604-575-7837,janna@bastain.com
Neikirk,905-465-6909,callie.neikirk@neikirk.org
Helmcamp,416-589-6075,coral.helmcamp@helmcamp.org
Mushero,613-714-1829,xenia@aol.com
Nitcher,905-998-3758,anitcher@aol.com
Wehrwein,604-960-7463,hwehrwein@gmail.com
Sugai,450-501-4406,psugai@gmail.com
Lafoy,418-271-8667,llafoy@aol.com
Mcalarney,905-846-7737,darell_mcalarney@mcalarney.com
Landman,250-307-7698,madonna.landman@landman.com
Berggren,709-534-6576,chuck@gmail.com
Epperheimer,514-302-4158,gepperheimer@aol.com
Bubrig,506-493-4894,yan@cox.net
Garlett,613-557-7338,stephanie.garlett@gmail.com
Stenquist,905-435-9456,alberto_stenquist@stenquist.org
Shivers,418-374-1965,wayne@aol.com
Bothe,709-976-5766,kristal@hotmail.com
Stadel,519-961-7871,fstadel@gmail.com
Tumolillo,306-748-5721,darrin@tumolillo.com
Rudig,450-347-6388,freeman@yahoo.com
Mollison,450-356-6427,lazaro@gmail.com
Rieg,613-862-4724,erieg@hotmail.com
Mrkvicka,506-392-8334,brinda.mrkvicka@gmail.com
Mackedanz,506-230-8075,florinda_mackedanz@mackedanz.org
Swartzbeck,450-353-2331,nadine_swartzbeck@swartzbeck.org
Torchio,514-459-6883,arlette_torchio@hotmail.com
Krivanec,416-736-1436,akrivanec@hotmail.com
Colbath,450-409-1254,gcolbath@hotmail.com
Lehn,905-286-8285,rlehn@yahoo.com
Morgan,418-922-5578,chi@gmail.com
Prothro,418-811-3750,sprothro@prothro.com
Roseum,204-514-9319,glennis.roseum@gmail.com
Petermeier,418-360-6739,thea@hotmail.com
Persechino,613-975-5760,rosalind.persechino@aol.com
Tapian,613-219-1869,shenika.tapian@aol.com
Vandeberg,506-996-1241,vvandeberg@gmail.com
Geneseo,416-786-7887,herschel@geneseo.com
Tomasic,902-938-6891,dianne@yahoo.com
Gerten,709-581-5842,micah@cox.net
Alaibilla,604-992-6045,kaycee.alaibilla@yahoo.com
Brang,514-432-5290,tesha@aol.com
Chhour,403-382-4146,marya@cox.net
Kettelle,902-367-7042,ronnie_kettelle@aol.com
Fower,418-339-7473,mabel_fower@fower.com
Works,519-913-7772,harley@cox.net
Nedman,306-991-3698,joye@cox.net
Harnish,604-399-1449,lharnish@harnish.com
Lortz,416-310-1610,stacey_lortz@aol.com
Mesmer,905-402-9203,reyes@mesmer.org
Demus,604-548-4412,avery.demus@aol.com
Scotts,705-668-5094,cscotts@aol.com
Wrinkle,613-851-7883,awrinkle@wrinkle.org
Sifford,416-866-6707,isifford@sifford.org
Coin,506-327-7460,brunilda_coin@aol.com
Emanuel,250-947-2063,jemanuel@emanuel.com
Nosis,416-827-4082,makeda.nosis@yahoo.com
Oppy,306-325-3090,voppy@gmail.com
Gazzola,418-274-7373,eric@cox.net
Davirro,250-540-5275,thersa.davirro@aol.com
Presnal,604-213-8721,mpresnal@yahoo.com
Metzner,819-860-8913,lmetzner@metzner.org
Mcloud,905-760-9649,dmcloud@cox.net
Kinikini,250-384-7658,karrie_kinikini@kinikini.org
Hermon,506-573-3112,mozelle_hermon@cox.net
Hair,514-945-2978,mhair@cox.net
Jefferys,902-804-8543,gjefferys@aol.com
Mcduffie,450-866-7181,armanda.mcduffie@hotmail.com
Normandeau,450-706-3809,vonda@yahoo.com
Mondale,705-757-7389,truman.mondale@aol.com
Tenuta,403-415-1285,elvis_tenuta@tenuta.org
Dedaj,306-964-9291,loise@aol.com
Pedder,604-953-5335,jpedder@pedder.com
Rand,905-781-3868,margo@rand.org
Benett,418-344-9993,dahlia_benett@aol.com
Mckeon,819-627-1581,dominga_mckeon@yahoo.com
Keomuangtai,905-928-5294,hollis.keomuangtai@cox.net
Ziller,519-847-8783,carry@cox.net
Fears,514-308-1992,bfears@fears.org
Staiano,613-700-7712,yolande_staiano@gmail.com
Hegdahl,905-638-1034,lottie_hegdahl@aol.com
Kylish,514-211-3774,jose.kylish@aol.com
Abramovitz,905-790-7938,tuyet.abramovitz@abramovitz.com
Provenzano,905-734-9102,pearline.provenzano@provenzano.org
Hankison,418-874-8104,robt_hankison@cox.net
Kesten,902-208-1038,shawnee@yahoo.com
Quinones,450-213-1080,lacresha@hotmail.com
Vinroe,418-386-6120,basilia.vinroe@gmail.com
Areizaga,418-408-1640,aareizaga@hotmail.com
Tryninewski,306-653-1772,ftryninewski@gmail.com
Steinhorst,418-319-1374,ria.steinhorst@steinhorst.com
Kallenberger,519-646-7797,carla@aol.com
Skahan,506-497-2698,lashanda.skahan@aol.com
Catalina,705-369-2146,jcatalina@aol.com
Rabago,250-810-7815,leoma.rabago@hotmail.com
Greeves,250-891-6910,ygreeves@cox.net
Snelling,905-772-1416,jimmie.snelling@gmail.com
Dugre,819-983-1846,titus.dugre@dugre.org
Teoh,905-219-6895,joanne@yahoo.com
Groom,604-700-2946,suzi.groom@groom.org
Amazan,604-239-4105,denny@amazan.com
Coughlan,819-869-6389,willie@aol.com
Brake,519-476-5983,margurite.brake@yahoo.com
Romack,506-218-3036,arlen.romack@yahoo.com
Corna,416-573-9093,shaniqua@yahoo.com
Boccard,514-606-4631,william@gmail.com
Riviere,514-319-4125,silva.riviere@riviere.org
Haberle,403-810-3712,gearldine_haberle@hotmail.com
Aja,450-515-9694,azalee.aja@cox.net
Plikerd,250-504-9388,kimbery.plikerd@cox.net
Kratt,902-614-2197,rkratt@yahoo.com
Massay,204-656-8450,macy@hotmail.com
Normington,418-540-2207,carol@gmail.com
Czaplinski,403-775-4053,blythe_czaplinski@czaplinski.com
Tesseneer,416-568-3388,tanesha_tesseneer@hotmail.com
Orndoff,519-625-4433,yaeko_orndoff@orndoff.org
Lorenz,306-285-1574,broderick_lorenz@hotmail.com
Shadle,250-862-6746,tshadle@shadle.com
Pead,905-696-6221,spead@cox.net
Peets,705-799-1235,candra@hotmail.com
Aprigliano,604-986-3233,von@aol.com
Verso,519-736-9305,natalya_verso@yahoo.com
Rigazio,416-801-7398,srigazio@rigazio.org
Larner,416-884-9104,dona@hotmail.com
Choice,450-339-6016,cortney.choice@choice.com
Betterton,902-240-7029,ira.betterton@yahoo.com
Pickle,905-309-4565,vanna_pickle@aol.com
Sabota,204-210-4967,bo_sabota@sabota.com
Corners,705-736-4801,nathalie_corners@corners.org
Lockamy,613-273-5773,rodney_lockamy@aol.com
Hairr,709-399-4807,ehairr@hotmail.com
Kraatz,416-631-1863,blossom_kraatz@kraatz.org
Griepentrog,613-684-4467,loreen_griepentrog@aol.com
Keirnan,705-655-5936,tayna_keirnan@gmail.com
Planty,705-616-5386,nplanty@gmail.com
Robinault,514-330-5479,glenn.robinault@cox.net
Racer,506-752-6097,jracer@cox.net
Nitchals,905-725-6769,ashton@cox.net
Scovil,905-907-6615,shaun_scovil@aol.com
Shintaku,450-771-5010,long.shintaku@shintaku.org
Meir,416-862-7028,vmeir@meir.com
Flipp,416-870-8070,lucia@aol.com
Ivaska,306-333-8933,corazon@ivaska.org
Perugini,514-950-4495,jaime_perugini@perugini.com
Stakes,905-441-5009,miriam.stakes@yahoo.com
Nigl,604-848-3170,vallie@yahoo.com
Isachsen,902-330-7314,sheldon@isachsen.org
Balonek,604-556-1080,nickie.balonek@balonek.com
Caneles,905-992-1637,fcaneles@caneles.com
Eisert,905-468-2503,rutha@eisert.com
Geigel,604-940-9313,bgeigel@gmail.com
Lamme,902-715-9684,franchesca_lamme@yahoo.com
Naddeo,250-544-1482,lorriane.naddeo@naddeo.org
Berson,204-318-1929,aberson@aol.com
Hoerter,819-632-2869,georgiann_hoerter@hoerter.com
Bultron,519-844-4835,hershel_bultron@bultron.org
Collopy,819-677-1206,chu@aol.com
Vosmus,604-752-9256,bettina@hotmail.com
Sport,604-525-6939,lynsey.sport@aol.com
Kuechler,418-940-4070,phil_kuechler@gmail.com
Nicks,905-975-4308,cnicks@nicks.org
Marrano,905-366-7378,gmarrano@gmail.com
Lanter,306-700-6743,rosendo@hotmail.com
Norcia,519-978-7661,jerilyn@hotmail.com
Bakeley,506-404-8558,ebakeley@bakeley.com
Sheck,514-257-9319,harris@cox.net
Beilinson,613-338-5158,leonor.beilinson@hotmail.com
Waska,819-670-6020,terrilyn_waska@hotmail.com
Foulds,514-874-9519,maddie@hotmail.com
Anstead,450-470-3593,melynda@hotmail.com
Thigpen,709-744-4165,othigpen@thigpen.com
Meinen,514-964-9106,steffanie.meinen@cox.net
Stimac,519-670-5269,antonette_stimac@stimac.org
Daneker,819-648-4049,tdaneker@daneker.com
Massanet,604-570-1494,nmassanet@yahoo.com
Dills,902-244-5318,idills@cox.net
Delacerda,250-525-4631,devon@hotmail.com
Tibbles,905-233-1845,lon.tibbles@cox.net
Santanna,819-261-5496,tennie@aol.com
Vilven,416-892-4321,fvilven@vilven.org
Gunyan,418-399-6819,michal_gunyan@gunyan.com
Yandow,902-539-1621,eyandow@cox.net
Mamudoski,902-348-8759,meghann@cox.net
Mattia,204-649-9481,lmattia@yahoo.com
Firlik,905-451-3719,chandra@gmail.com
Dewer,902-287-1148,bdewer@gmail.com
Chreene,613-756-9548,ocie.chreene@aol.com
Dubray,705-607-6992,precious.dubray@dubray.com
Laramie,250-700-8923,slaramie@laramie.org
Benavente,807-284-2501,gaynell@hotmail.com
Cutsforth,519-328-4250,bethanie_cutsforth@cutsforth.org
Capiga,403-919-6456,yvette.capiga@yahoo.com
Blackmon,416-386-8947,ablackmon@gmail.com
Beachel,604-352-7502,lakeesha_beachel@aol.com
Friedman,506-907-7068,ailene@yahoo.com
Madson,418-646-3844,valene@madson.org
Bub,416-557-9767,fbub@bub.com
Hatherly,416-337-2239,jhatherly@hatherly.org
Wadden,705-646-2781,johnathon_wadden@hotmail.com
Drizin,819-999-6396,kdrizin@aol.com
Titzer,403-733-8035,leila_titzer@aol.com
Quinlisk,514-950-3156,marquetta_quinlisk@aol.com
Beliles,604-877-2244,abeliles@gmail.com
Dosal,819-324-8832,adosal@hotmail.com
Cortesi,450-252-9611,karina_cortesi@hotmail.com
Luong,519-739-4515,oluong@gmail.com
Kasperek,604-947-9315,brendan_kasperek@yahoo.com
Evartt,506-229-5393,kevartt@evartt.com
Arand,204-636-8766,paulina_arand@cox.net
Welschmeyer,519-322-9933,cherelle@hotmail.com
Neelon,418-537-1430,percy_neelon@cox.net
Storrs,905-309-5010,mstorrs@cox.net
Bellis,519-909-5933,paris@gmail.com
Masiejczyk,416-369-7013,smasiejczyk@cox.net
Selfe,418-795-3880,kimi@cox.net
Richrdson,306-245-2534,chun_richrdson@richrdson.org
Thiemann,250-671-3851,lelia.thiemann@yahoo.com
Zinda,819-508-6057,cordell_zinda@cox.net
Aitken,905-554-3838,dorothy.aitken@cox.net
Mcelreath,613-908-7090,chauncey.mcelreath@yahoo.com
Stropko,506-629-6209,tenesha.stropko@aol.com
Lovero,902-386-1443,anjelica@lovero.org
Adessa,905-775-6413,oadessa@cox.net
Tindal,450-637-6499,monte@cox.net
Mccoskey,450-282-1236,pamela.mccoskey@gmail.com
Lippoldt,418-759-7863,toshia_lippoldt@aol.com
Sandusky,905-705-6018,polly.sandusky@cox.net
Boerboom,709-560-7848,jboerboom@boerboom.com
Pritt,613-875-3120,celestine_pritt@cox.net
Fode,514-921-5562,mfode@yahoo.com
Courter,519-396-2906,shoshana@courter.org
Pezley,780-508-2609,glendora.pezley@cox.net
Kana,519-930-5055,ckana@kana.com
Gilliam,905-563-9396,adria_gilliam@cox.net
Perkins,780-573-8903,paola.perkins@aol.com
Maury,416-582-4379,elina.maury@hotmail.com
Dorio,450-529-3773,edorio@cox.net
Lannigan,416-322-9207,zlannigan@aol.com
Yestramski,519-344-3979,yong_yestramski@aol.com
Stalma,519-641-7145,lstalma@stalma.org
Dicus,613-938-7999,troy_dicus@yahoo.com
Vanhuss,905-495-3301,annamaria.vanhuss@cox.net
Lowther,705-793-4986,dorothea_lowther@yahoo.com
Letran,819-966-7240,marion_letran@cox.net
Masso,902-588-8947,avery.masso@hotmail.com
Bredernitz,514-561-2312,trinidad@yahoo.com
Penso,780-740-5294,hpenso@cox.net
Bigaud,514-726-2573,val_bigaud@aol.com
Oviedo,416-336-6767,renay.oviedo@oviedo.com
Kotow,807-668-2676,buck_kotow@aol.com
Rollison,450-714-2875,toi_rollison@rollison.com
Pennel,613-850-3405,shanice.pennel@pennel.org
Ramerez,403-690-1059,oramerez@yahoo.com
Crocker,780-833-7024,tcrocker@cox.net
Rather,819-418-3496,melvin.rather@aol.com
Fitzke,506-785-2719,essie_fitzke@fitzke.org
Knieper,450-806-3050,shay.knieper@gmail.com
Sensibaugh,604-553-2468,ruby@sensibaugh.com
Doscher,403-344-3614,cdoscher@doscher.org
Amend,519-823-9369,frank@yahoo.com
Frisinger,604-210-7413,lfrisinger@cox.net
Frere,450-777-9643,sfrere@yahoo.com
Mckeon,250-617-7197,gretchen.mckeon@gmail.com
Marien,613-256-5226,providencia.marien@marien.com
Arnoldi,250-387-4636,larnoldi@arnoldi.com
Riesgraf,506-310-3728,romana_riesgraf@hotmail.com
Logwood,519-739-4745,nobuko.logwood@cox.net
Arredondo,613-996-1062,sarredondo@arredondo.com
Hathcox,250-227-4140,doyle.hathcox@aol.com
Deppen,250-203-5054,jdeppen@cox.net
Kuamoo,418-734-9693,tawanna_kuamoo@gmail.com
Cloutier,403-461-2407,ccloutier@hotmail.com
Kotz,250-901-1245,nkotz@kotz.org
Fajen,780-720-7927,ellen.fajen@aol.com
Pelletier,905-692-6934,tequila_pelletier@cox.net
Bonventre,604-632-4346,tbonventre@aol.com
Mcspedon,613-362-7798,rosalyn.mcspedon@mcspedon.org
Miyata,519-346-6651,noble_miyata@gmail.com
Hubbell,250-904-7361,lhubbell@yahoo.com
Tuazon,905-208-4039,azzie.tuazon@hotmail.com
Arau,819-294-4679,darci@cox.net
Suman,418-470-4541,king@cox.net
Zeanah,514-224-2722,denny_zeanah@zeanah.com
Frayer,604-925-4225,afrayer@frayer.com
Heinricher,450-474-6397,rosann_heinricher@heinricher.com
Rippy,902-811-1450,jeannine_rippy@rippy.com
Casteneda,780-751-5370,lashaun.casteneda@casteneda.com
Walen,705-646-4992,miesha@aol.com
Kountz,416-494-3939,marva@gmail.com
Lamastus,418-212-6756,dion_lamastus@lamastus.com
Sarkin,902-210-1513,hassie_sarkin@aol.com
Perry,416-463-6411,jin_perry@gmail.com
Peth,819-858-7901,demetra_peth@aol.com
Benauides,506-251-3150,irene.benauides@gmail.com
Pesqueira,905-796-8265,cpesqueira@hotmail.com
Cilento,403-251-6126,william.cilento@gmail.com
Cupit,416-266-5891,shannan@cox.net
Kast,902-654-7334,shelba.kast@yahoo.com
Diebold,905-860-8703,dorcas_diebold@diebold.com
Wetherby,418-362-9768,rwetherby@wetherby.org
Windell,604-864-2113,amber.windell@cox.net
Prinkey,604-833-9067,stefanie_prinkey@prinkey.org
Sharples,403-341-7208,kenia_sharples@hotmail.com
Libbey,418-682-7368,jacquline@cox.net
Michelet,514-842-3549,lavina.michelet@michelet.org
Kazar,604-458-2387,bkazar@hotmail.com
Leuthold,604-637-3549,aron_leuthold@leuthold.com
Tartar,819-342-1651,atartar@cox.net
Zarazua,519-287-4120,hyun_zarazua@cox.net
Ogle,418-823-9061,shala_ogle@ogle.org
Canonico,705-531-2796,shasta_canonico@aol.com
Braseth,450-751-1928,wenona.braseth@braseth.org
Gallati,514-872-9323,mgallati@gmail.com
Palenik,418-930-7475,myra_palenik@palenik.com
Jacocks,250-226-8113,lawanda.jacocks@gmail.com
Kohlman,306-739-3437,ckohlman@hotmail.com
Finstad,403-571-8756,sfinstad@aol.com
Kaper,902-500-1564,kkaper@aol.com
Pospishil,819-511-9240,opospishil@aol.com
Perera,416-681-6822,allene@yahoo.com
Leahman,403-328-5056,leonardo@aol.com
Russi,403-513-9660,nakisha_russi@russi.com
Rolling,306-510-5011,srolling@rolling.org
Haycock,819-820-6568,florinda_haycock@cox.net
Geberth,204-894-9221,merri.geberth@geberth.com
Vereen,519-334-1058,malcom.vereen@yahoo.com
Abney,306-256-9309,louvenia_abney@hotmail.com
Borlace,807-289-5397,alita_borlace@yahoo.com
Ill,705-414-4712,noemi_ill@ill.com
Ancar,780-924-8022,nydia.ancar@ancar.com
Meisel,403-696-7108,hana.meisel@yahoo.com
Marrazzo,780-447-2249,noel@cox.net
Rowe,613-631-9322,brice_rowe@aol.com
Kitchens,403-883-4097,nguyet_kitchens@yahoo.com
Mair,905-501-5086,janae_mair@cox.net
Makley,506-839-5378,dmakley@yahoo.com
Milionis,705-467-4142,genevieve.milionis@hotmail.com
Bacho,604-203-8085,giovanna@cox.net
Spannuth,204-364-5889,shelton.spannuth@yahoo.com
Mahlum,613-862-3122,alison_mahlum@hotmail.com
Zufall,604-875-7745,mzufall@gmail.com
Bussert,416-521-5624,timothy@bussert.com
Eddens,506-772-3108,veddens@eddens.org
Michon,514-578-7262,luann@cox.net
Goerke,416-867-5879,mable_goerke@cox.net
Kaea,905-586-1138,sabine@gmail.com
Moltz,506-216-2028,dolores@yahoo.com
Suero,905-543-3967,hsuero@yahoo.com
Blan,709-512-6346,sblan@blan.com
Stapels,780-674-7330,cletus_stapels@cox.net
Zoldak,418-470-9730,asha_zoldak@hotmail.com
Billow,905-486-5455,vbillow@billow.com
Giglio,506-858-9797,yesenia@cox.net
Sine,905-334-8817,tayna_sine@sine.com
Jobst,514-842-7487,verona_jobst@jobst.org
Eggers,204-341-2445,denae_eggers@gmail.com
Montalgo,514-472-6857,rikki@montalgo.com
Weekly,519-928-8049,nan@weekly.com
Despain,604-344-4458,sdespain@hotmail.com
Brennick,450-480-7421,coral.brennick@brennick.com
Huelse,403-540-2604,phyliss_huelse@aol.com
Wida,905-356-4735,jesse@wida.com
Helander,905-723-5674,latonia@helander.com
Clozza,613-804-8102,aimee_clozza@clozza.org
Staie,905-817-1934,marcelle_staie@aol.com
Schuring,780-830-2958,ilda_schuring@schuring.com
Klukken,416-390-4510,aklukken@klukken.com
Zeng,450-375-8192,davida_zeng@yahoo.com
Rubarts,250-808-6765,beata_rubarts@aol.com
Wieand,905-838-3914,angelyn_wieand@wieand.com
Hummell,403-481-8843,claudio_hummell@hotmail.com
Twyman,416-712-8230,ktwyman@gmail.com
Echegoyen,604-571-8392,adela.echegoyen@echegoyen.org
Phibbs,306-621-2626,rphibbs@gmail.com
Buettner,450-829-7834,edmond_buettner@buettner.org
Emmert,807-652-2563,catina@gmail.com
Pattengale,780-799-6418,milly@hotmail.com
Erichsen,905-929-8054,jules@cox.net
Miklitz,450-409-1005,dmiklitz@yahoo.com
Cesa,902-981-7382,willetta_cesa@gmail.com
Magathan,780-994-6272,jmagathan@magathan.org
Oliverson,416-762-4001,ooliverson@cox.net
Vitrano,902-480-3185,svitrano@hotmail.com
Dishong,613-510-3295,kdishong@gmail.com
Tentler,250-605-3501,vanda_tentler@tentler.org
Fitgerald,403-918-5509,marshall_fitgerald@cox.net
Hasha,780-227-7373,khasha@hotmail.com
Mathiasen,450-536-7426,dmathiasen@hotmail.com
Mccarley,519-491-9261,susana_mccarley@gmail.com
Nickelson,416-376-7867,wilson_nickelson@aol.com
Talty,506-724-2777,malissa@talty.org
Castillanos,905-715-9339,tcastillanos@castillanos.com
Sammon,306-854-5060,lorean@yahoo.com
Oien,403-405-2804,desirae.oien@hotmail.com
Cerao,506-795-5209,delsie.cerao@cerao.org
Elmquist,204-285-3978,mabel_elmquist@elmquist.com
Purslow,204-904-1386,marnie.purslow@purslow.com
Granier,403-438-9257,rene@cox.net
Harnist,902-782-2576,trevor.harnist@hotmail.com
Batdorf,506-839-1630,sharmaine_batdorf@batdorf.com
Traux,514-657-1920,ricki.traux@traux.com
Shufelt,705-693-2982,bernadine_shufelt@shufelt.org
Reider,780-953-3852,shad_reider@aol.com
Degennaro,506-763-6456,kenneth.degennaro@aol.com
Hennon,604-545-3662,marleen_hennon@aol.com
Geitner,403-640-8755,joaquin_geitner@cox.net
Stockham,418-913-7998,slyvia.stockham@aol.com
Bala,905-848-5458,kris_bala@gmail.com
Diflorio,613-857-7922,gussie_diflorio@cox.net
Lillywhite,418-442-4179,lavelle.lillywhite@hotmail.com
Dermo,604-880-6351,bev.dermo@dermo.com
Digiovanni,519-882-6434,bette.digiovanni@digiovanni.org
Mccloud,450-272-6370,lajuana_mccloud@hotmail.com
Westervelt,604-991-8721,swestervelt@westervelt.org
Nickolich,306-891-2346,matt@gmail.com
Momplaisir,514-804-3533,cmomplaisir@yahoo.com
Ambert,506-672-7328,oambert@gmail.com
Maye,450-700-5970,ranee_maye@maye.com
Eskew,250-228-6798,ming_eskew@eskew.com
Peckens,250-727-7309,apeckens@peckens.org
Frymark,519-433-4142,effie_frymark@gmail.com
Conger,604-568-1899,mconger@aol.com
Plantenberg,604-519-9547,esteban@cox.net
Wykle,807-383-4855,doretha@yahoo.com
Neitzke,902-936-9426,dorsey_neitzke@hotmail.com
Okuniewski,613-686-9039,amie@yahoo.com
Berkoff,519-309-5863,bulah.berkoff@cox.net
Delbosque,450-316-7813,erin@cox.net
Marushia,250-646-6446,kassandra@gmail.com
Matsuno,418-460-5773,leslee_matsuno@matsuno.org
Dobler,506-617-2607,ddobler@dobler.com
Unruh,604-624-7690,antonio.unruh@hotmail.com
